plz;ort;strasse;hausnummer;lat;lon
18209;Bad Doberan;Neue Reihe;46b;54.105670;11.908100
18209;Bad Doberan;Neue Reihe;40;54.105420;11.907610
18209;Bad Doberan;Mollistraße;7;54.104310;11.910460
18209;Bad Doberan;Mollistraße;12;54.104030;11.911190
18209;Bad Doberan;Schulstraße;10;54.102460;11.904340
18209;Bad Doberan;Lindenweg;4;54.098900;11.916200
18209;Bad Doberan;Lindenweg;8;54.098620;11.916910
18236;Kröpelin;Am Markt;3;54.069510;11.794780
18236;Kröpelin;Am Markt;9;54.069800;11.795300
18236;Kröpelin;Kindergartenweg;2;54.067300;11.792100
18211;Börgerende-Rethwisch;Strandstraße;20;54.150610;11.895660
18230;Rerik;Strandstraße;15;54.109000;11.619100
18230;Rerik;Strandstraße;21;54.109420;11.618260
18225;Kühlungsborn;Ostseeallee;30;54.152400;11.742100
18225;Kühlungsborn;Ostseeallee;14;54.151600;11.749800
